<?xml version="1.0" encoding="UTF-8"?>

<!-- ====================================================================== -->
<!-- Ant build file (http://ant.apache.org/) for Ant 1.6.2 or above.        -->
<!-- ====================================================================== -->

<!-- ====================================================================== -->
<!-- ===================== - DO NOT EDIT THIS FILE! - ===================== -->
<!-- ====================================================================== -->
<!--                                                                        -->
<!-- Any modifications will be overwritten.                                 -->
<!--                                                                        -->
<!-- Generated by Maven Ant Plugin on 11/29/13 5:35 PM                      -->
<!-- See: http://maven.apache.org/plugins/maven-ant-plugin/                 -->
<!--                                                                        -->
<!-- ====================================================================== -->

<project name="Assignment2Client-from-maven" default="package" basedir=".">

  <!-- ====================================================================== -->
  <!-- Build environment properties                                           -->
  <!-- ====================================================================== -->

  <property file="${user.home}/.m2/maven.properties"/>
  <property file="maven-build.properties"/>

  <property name="maven.build.finalName" value="Assignment2Client-1.0-SNAPSHOT"/>
  <property name="maven.build.dir" value="target"/>
  <property name="maven.build.outputDir" value="${maven.build.dir}/classes"/>
  <property name="maven.build.srcDir.0" value="src/main/java"/>
  <property name="maven.build.resourceDir.0" value="src/main/resources"/>
  <property name="maven.build.testOutputDir" value="${maven.build.dir}/test-classes"/>
  <property name="maven.build.testDir.0" value="src/test/java"/>
  <property name="maven.build.testResourceDir.0" value="src/test/resources"/>
  <property name="maven.test.reports" value="${maven.build.dir}/test-reports"/>
  <property name="maven.reporting.outputDirectory" value="${maven.build.dir}/site"/>

  <property name="maven.repo.local" value="${user.home}/.m2/repository"/>
  <property name="maven.settings.offline" value="false"/>
  <property name="maven.settings.interactiveMode" value="true"/>

  <!-- ====================================================================== -->
  <!-- Defining classpaths                                                    -->
  <!-- ====================================================================== -->

  <path id="build.classpath">
    <pathelement location="${maven.repo.local}/javax/ws/rs/javax.ws.rs-api/2.0/javax.ws.rs-api-2.0.jar"/>
    <pathelement location="${maven.repo.local}/org/glassfish/jersey/core/jersey-client/2.4.1/jersey-client-2.4.1.jar"/>
    <pathelement location="${maven.repo.local}/org/glassfish/jersey/core/jersey-common/2.4.1/jersey-common-2.4.1.jar"/>
    <pathelement location="${maven.repo.local}/javax/annotation/javax.annotation-api/1.2/javax.annotation-api-1.2.jar"/>
    <pathelement location="${maven.repo.local}/org/glassfish/hk2/osgi-resource-locator/1.0.1/osgi-resource-locator-1.0.1.jar"/>
    <pathelement location="${maven.repo.local}/com/google/guava/guava/14.0.1/guava-14.0.1.jar"/>
    <pathelement location="${maven.repo.local}/org/glassfish/hk2/hk2-api/2.2.0-b21/hk2-api-2.2.0-b21.jar"/>
    <pathelement location="${maven.repo.local}/org/glassfish/hk2/hk2-utils/2.2.0-b21/hk2-utils-2.2.0-b21.jar"/>
    <pathelement location="${maven.repo.local}/org/glassfish/hk2/external/javax.inject/2.2.0-b21/javax.inject-2.2.0-b21.jar"/>
    <pathelement location="${maven.repo.local}/org/glassfish/hk2/hk2-locator/2.2.0-b21/hk2-locator-2.2.0-b21.jar"/>
    <pathelement location="${maven.repo.local}/org/glassfish/hk2/external/asm-all-repackaged/2.2.0-b21/asm-all-repackaged-2.2.0-b21.jar"/>
    <pathelement location="${maven.repo.local}/org/glassfish/hk2/external/cglib/2.2.0-b21/cglib-2.2.0-b21.jar"/>
    <pathelement location="${maven.repo.local}/com/sun/xml/bind/jaxb-impl/2.2.7/jaxb-impl-2.2.7.jar"/>
    <pathelement location="${maven.repo.local}/com/sun/xml/bind/jaxb-core/2.2.7/jaxb-core-2.2.7.jar"/>
    <pathelement location="${maven.repo.local}/javax/xml/bind/jaxb-api/2.2.7/jaxb-api-2.2.7.jar"/>
    <pathelement location="${maven.repo.local}/com/sun/istack/istack-commons-runtime/2.16/istack-commons-runtime-2.16.jar"/>
    <pathelement location="${maven.repo.local}/com/sun/xml/fastinfoset/FastInfoset/1.2.12/FastInfoset-1.2.12.jar"/>
    <pathelement location="${maven.repo.local}/javax/xml/bind/jsr173_api/1.0/jsr173_api-1.0.jar"/>
    <pathelement location="${maven.repo.local}/org/codehaus/jettison/jettison/1.3.4/jettison-1.3.4.jar"/>
    <pathelement location="${maven.repo.local}/stax/stax-api/1.0.1/stax-api-1.0.1.jar"/>
    <pathelement location="${maven.repo.local}/org/glassfish/jersey/media/jersey-media-moxy/2.4.1/jersey-media-moxy-2.4.1.jar"/>
    <pathelement location="${maven.repo.local}/org/glassfish/jersey/ext/jersey-entity-filtering/2.4.1/jersey-entity-filtering-2.4.1.jar"/>
    <pathelement location="${maven.repo.local}/org/eclipse/persistence/org.eclipse.persistence.moxy/2.5.0/org.eclipse.persistence.moxy-2.5.0.jar"/>
    <pathelement location="${maven.repo.local}/org/eclipse/persistence/org.eclipse.persistence.core/2.5.0/org.eclipse.persistence.core-2.5.0.jar"/>
    <pathelement location="${maven.repo.local}/org/eclipse/persistence/org.eclipse.persistence.asm/2.5.0/org.eclipse.persistence.asm-2.5.0.jar"/>
    <pathelement location="${maven.repo.local}/org/eclipse/persistence/org.eclipse.persistence.antlr/2.5.0/org.eclipse.persistence.antlr-2.5.0.jar"/>
  </path>
  <path id="build.test.classpath">
    <pathelement location="${maven.repo.local}/javax/ws/rs/javax.ws.rs-api/2.0/javax.ws.rs-api-2.0.jar"/>
    <pathelement location="${maven.repo.local}/org/glassfish/jersey/core/jersey-client/2.4.1/jersey-client-2.4.1.jar"/>
    <pathelement location="${maven.repo.local}/org/glassfish/jersey/core/jersey-common/2.4.1/jersey-common-2.4.1.jar"/>
    <pathelement location="${maven.repo.local}/javax/annotation/javax.annotation-api/1.2/javax.annotation-api-1.2.jar"/>
    <pathelement location="${maven.repo.local}/org/glassfish/hk2/osgi-resource-locator/1.0.1/osgi-resource-locator-1.0.1.jar"/>
    <pathelement location="${maven.repo.local}/com/google/guava/guava/14.0.1/guava-14.0.1.jar"/>
    <pathelement location="${maven.repo.local}/org/glassfish/hk2/hk2-api/2.2.0-b21/hk2-api-2.2.0-b21.jar"/>
    <pathelement location="${maven.repo.local}/org/glassfish/hk2/hk2-utils/2.2.0-b21/hk2-utils-2.2.0-b21.jar"/>
    <pathelement location="${maven.repo.local}/org/glassfish/hk2/external/javax.inject/2.2.0-b21/javax.inject-2.2.0-b21.jar"/>
    <pathelement location="${maven.repo.local}/org/glassfish/hk2/hk2-locator/2.2.0-b21/hk2-locator-2.2.0-b21.jar"/>
    <pathelement location="${maven.repo.local}/org/glassfish/hk2/external/asm-all-repackaged/2.2.0-b21/asm-all-repackaged-2.2.0-b21.jar"/>
    <pathelement location="${maven.repo.local}/org/glassfish/hk2/external/cglib/2.2.0-b21/cglib-2.2.0-b21.jar"/>
    <pathelement location="${maven.repo.local}/com/sun/xml/bind/jaxb-impl/2.2.7/jaxb-impl-2.2.7.jar"/>
    <pathelement location="${maven.repo.local}/com/sun/xml/bind/jaxb-core/2.2.7/jaxb-core-2.2.7.jar"/>
    <pathelement location="${maven.repo.local}/javax/xml/bind/jaxb-api/2.2.7/jaxb-api-2.2.7.jar"/>
    <pathelement location="${maven.repo.local}/com/sun/istack/istack-commons-runtime/2.16/istack-commons-runtime-2.16.jar"/>
    <pathelement location="${maven.repo.local}/com/sun/xml/fastinfoset/FastInfoset/1.2.12/FastInfoset-1.2.12.jar"/>
    <pathelement location="${maven.repo.local}/javax/xml/bind/jsr173_api/1.0/jsr173_api-1.0.jar"/>
    <pathelement location="${maven.repo.local}/org/codehaus/jettison/jettison/1.3.4/jettison-1.3.4.jar"/>
    <pathelement location="${maven.repo.local}/stax/stax-api/1.0.1/stax-api-1.0.1.jar"/>
    <pathelement location="${maven.repo.local}/org/glassfish/jersey/media/jersey-media-moxy/2.4.1/jersey-media-moxy-2.4.1.jar"/>
    <pathelement location="${maven.repo.local}/org/glassfish/jersey/ext/jersey-entity-filtering/2.4.1/jersey-entity-filtering-2.4.1.jar"/>
    <pathelement location="${maven.repo.local}/org/eclipse/persistence/org.eclipse.persistence.moxy/2.5.0/org.eclipse.persistence.moxy-2.5.0.jar"/>
    <pathelement location="${maven.repo.local}/org/eclipse/persistence/org.eclipse.persistence.core/2.5.0/org.eclipse.persistence.core-2.5.0.jar"/>
    <pathelement location="${maven.repo.local}/org/eclipse/persistence/org.eclipse.persistence.asm/2.5.0/org.eclipse.persistence.asm-2.5.0.jar"/>
    <pathelement location="${maven.repo.local}/org/eclipse/persistence/org.eclipse.persistence.antlr/2.5.0/org.eclipse.persistence.antlr-2.5.0.jar"/>
  </path>

  <!-- ====================================================================== -->
  <!-- Cleaning up target                                                     -->
  <!-- ====================================================================== -->

  <target name="clean" description="Clean the output directory">
    <delete dir="${maven.build.dir}"/>
  </target>

  <!-- ====================================================================== -->
  <!-- Compilation target                                                     -->
  <!-- ====================================================================== -->

  <target name="compile" depends="get-deps" description="Compile the code">
    <mkdir dir="${maven.build.outputDir}"/>
    <javac destdir="${maven.build.outputDir}" 
           nowarn="false" 
           debug="true" 
           optimize="false" 
           deprecation="true" 
           target="1.1" 
           verbose="false" 
           fork="false" 
           source="1.3">
      <src>
        <pathelement location="${maven.build.srcDir.0}"/>
      </src>
      <classpath refid="build.classpath"/>
    </javac>
  </target>

  <!-- ====================================================================== -->
  <!-- Test-compilation target                                                -->
  <!-- ====================================================================== -->

  <target name="compile-tests" 
          depends="compile" 
          description="Compile the test code" 
          unless="maven.test.skip">
    <mkdir dir="${maven.build.testOutputDir}"/>
    <javac destdir="${maven.build.testOutputDir}" 
           nowarn="false" 
           debug="true" 
           optimize="false" 
           deprecation="true" 
           target="1.1" 
           verbose="false" 
           fork="false" 
           source="1.3">
      <src>
        <pathelement location="${maven.build.testDir.0}"/>
      </src>
      <classpath>
        <path refid="build.test.classpath"/>
        <pathelement location="${maven.build.outputDir}"/>
      </classpath>
    </javac>
  </target>

  <!-- ====================================================================== -->
  <!-- Run all tests                                                          -->
  <!-- ====================================================================== -->

  <target name="test" 
          depends="compile-tests, junit-missing" 
          unless="junit.skipped" 
          description="Run the test cases">
    <mkdir dir="${maven.test.reports}"/>
    <junit printSummary="yes" haltonerror="true" haltonfailure="true" fork="true" dir=".">
      <sysproperty key="basedir" value="."/>
      <formatter type="xml"/>
      <formatter type="plain" usefile="false"/>
      <classpath>
        <path refid="build.test.classpath"/>
        <pathelement location="${maven.build.outputDir}"/>
        <pathelement location="${maven.build.testOutputDir}"/>
      </classpath>
      <batchtest todir="${maven.test.reports}" unless="test">
        <fileset dir="${maven.build.testDir.0}">
          <include name="**/Test*.java"/>
          <include name="**/*Test.java"/>
          <include name="**/*TestCase.java"/>
          <exclude name="**/*Abstract*Test.java"/>
        </fileset>
      </batchtest>
      <batchtest todir="${maven.test.reports}" if="test">
        <fileset dir="${maven.build.testDir.0}">
          <include name="**/${test}.java"/>
          <exclude name="**/*Abstract*Test.java"/>
        </fileset>
      </batchtest>
    </junit>
  </target>

  <target name="test-junit-present">
    <available classname="junit.framework.Test" property="junit.present"/>
  </target>

  <target name="test-junit-status" 
          depends="test-junit-present">
    <condition property="junit.missing">
      <and>
        <isfalse value="${junit.present}"/>
        <isfalse value="${maven.test.skip}"/>
      </and>
    </condition>
    <condition property="junit.skipped">
      <or>
        <isfalse value="${junit.present}"/>
        <istrue value="${maven.test.skip}"/>
      </or>
    </condition>
  </target>

  <target name="junit-missing" 
          depends="test-junit-status" 
          if="junit.missing">
    <echo>=================================== WARNING ===================================</echo>
    <echo> JUnit is not present in your $ANT_HOME/lib directory. Tests not executed.</echo>
    <echo>===============================================================================</echo>
  </target>

  <!-- ====================================================================== -->
  <!-- Javadoc target                                                         -->
  <!-- ====================================================================== -->

  <target name="javadoc" description="Generates the Javadoc of the application">
    <javadoc sourcepath="${maven.build.srcDir.0}" 
             packagenames="*" 
             destdir="${maven.reporting.outputDirectory}/apidocs" 
             access="protected" 
             old="false" 
             verbose="false" 
             version="true" 
             use="true" 
             author="true" 
             splitindex="false" 
             nodeprecated="false" 
             nodeprecatedlist="false" 
             notree="false" 
             noindex="false" 
             nohelp="false" 
             nonavbar="false" 
             serialwarn="false" 
             charset="ISO-8859-1" 
             linksource="false" 
             breakiterator="false"/>
  </target>

  <!-- ====================================================================== -->
  <!-- Package target                                                         -->
  <!-- ====================================================================== -->

  <target name="package" depends="compile,test" description="Package the application">
    <jar jarfile="${maven.build.dir}/${maven.build.finalName}.jar" 
         compress="true" 
         index="false" 
         basedir="${maven.build.outputDir}" 
         excludes="**/package.html"/>
  </target>

  <!-- ====================================================================== -->
  <!-- A dummy target for the package named after the type it creates         -->
  <!-- ====================================================================== -->

  <target name="jar" depends="package" description="Builds the jar for the application"/>

  <!-- ====================================================================== -->
  <!-- Download dependencies target                                           -->
  <!-- ====================================================================== -->

  <target name="test-offline">
    <condition property="maven.mode.offline">
      <equals arg1="${maven.settings.offline}" arg2="true"/>
    </condition>
  </target>

  <target name="get-deps" 
          depends="test-offline" 
          description="Download all dependencies" 
          unless="maven.mode.offline">
    <mkdir dir="${maven.repo.local}"/>
    <mkdir dir="${maven.repo.local}/javax/ws/rs/javax.ws.rs-api/2.0"/>
    <get src="http://repo.maven.apache.org/maven2/javax/ws/rs/javax.ws.rs-api/2.0/javax.ws.rs-api-2.0.jar" 
         dest="${maven.repo.local}/javax/ws/rs/javax.ws.rs-api/2.0/javax.ws.rs-api-2.0.jar" 
         usetimestamp="false" 
         ignoreerrors="true"/>
    <mkdir dir="${maven.repo.local}/org/glassfish/jersey/core/jersey-client/2.4.1"/>
    <get src="http://repo.maven.apache.org/maven2/org/glassfish/jersey/core/jersey-client/2.4.1/jersey-client-2.4.1.jar" 
         dest="${maven.repo.local}/org/glassfish/jersey/core/jersey-client/2.4.1/jersey-client-2.4.1.jar" 
         usetimestamp="false" 
         ignoreerrors="true"/>
    <mkdir dir="${maven.repo.local}/org/glassfish/jersey/core/jersey-common/2.4.1"/>
    <get src="http://repo.maven.apache.org/maven2/org/glassfish/jersey/core/jersey-common/2.4.1/jersey-common-2.4.1.jar" 
         dest="${maven.repo.local}/org/glassfish/jersey/core/jersey-common/2.4.1/jersey-common-2.4.1.jar" 
         usetimestamp="false" 
         ignoreerrors="true"/>
    <mkdir dir="${maven.repo.local}/javax/annotation/javax.annotation-api/1.2"/>
    <get src="http://repo.maven.apache.org/maven2/javax/annotation/javax.annotation-api/1.2/javax.annotation-api-1.2.jar" 
         dest="${maven.repo.local}/javax/annotation/javax.annotation-api/1.2/javax.annotation-api-1.2.jar" 
         usetimestamp="false" 
         ignoreerrors="true"/>
    <mkdir dir="${maven.repo.local}/org/glassfish/hk2/osgi-resource-locator/1.0.1"/>
    <get src="http://repo.maven.apache.org/maven2/org/glassfish/hk2/osgi-resource-locator/1.0.1/osgi-resource-locator-1.0.1.jar" 
         dest="${maven.repo.local}/org/glassfish/hk2/osgi-resource-locator/1.0.1/osgi-resource-locator-1.0.1.jar" 
         usetimestamp="false" 
         ignoreerrors="true"/>
    <mkdir dir="${maven.repo.local}/com/google/guava/guava/14.0.1"/>
    <get src="http://repo.maven.apache.org/maven2/com/google/guava/guava/14.0.1/guava-14.0.1.jar" 
         dest="${maven.repo.local}/com/google/guava/guava/14.0.1/guava-14.0.1.jar" 
         usetimestamp="false" 
         ignoreerrors="true"/>
    <mkdir dir="${maven.repo.local}/org/glassfish/hk2/hk2-api/2.2.0-b21"/>
    <get src="http://repo.maven.apache.org/maven2/org/glassfish/hk2/hk2-api/2.2.0-b21/hk2-api-2.2.0-b21.jar" 
         dest="${maven.repo.local}/org/glassfish/hk2/hk2-api/2.2.0-b21/hk2-api-2.2.0-b21.jar" 
         usetimestamp="false" 
         ignoreerrors="true"/>
    <mkdir dir="${maven.repo.local}/org/glassfish/hk2/hk2-utils/2.2.0-b21"/>
    <get src="http://repo.maven.apache.org/maven2/org/glassfish/hk2/hk2-utils/2.2.0-b21/hk2-utils-2.2.0-b21.jar" 
         dest="${maven.repo.local}/org/glassfish/hk2/hk2-utils/2.2.0-b21/hk2-utils-2.2.0-b21.jar" 
         usetimestamp="false" 
         ignoreerrors="true"/>
    <mkdir dir="${maven.repo.local}/org/glassfish/hk2/external/javax.inject/2.2.0-b21"/>
    <get src="http://repo.maven.apache.org/maven2/org/glassfish/hk2/external/javax.inject/2.2.0-b21/javax.inject-2.2.0-b21.jar" 
         dest="${maven.repo.local}/org/glassfish/hk2/external/javax.inject/2.2.0-b21/javax.inject-2.2.0-b21.jar" 
         usetimestamp="false" 
         ignoreerrors="true"/>
    <mkdir dir="${maven.repo.local}/org/glassfish/hk2/hk2-locator/2.2.0-b21"/>
    <get src="http://repo.maven.apache.org/maven2/org/glassfish/hk2/hk2-locator/2.2.0-b21/hk2-locator-2.2.0-b21.jar" 
         dest="${maven.repo.local}/org/glassfish/hk2/hk2-locator/2.2.0-b21/hk2-locator-2.2.0-b21.jar" 
         usetimestamp="false" 
         ignoreerrors="true"/>
    <mkdir dir="${maven.repo.local}/org/glassfish/hk2/external/asm-all-repackaged/2.2.0-b21"/>
    <get src="http://repo.maven.apache.org/maven2/org/glassfish/hk2/external/asm-all-repackaged/2.2.0-b21/asm-all-repackaged-2.2.0-b21.jar" 
         dest="${maven.repo.local}/org/glassfish/hk2/external/asm-all-repackaged/2.2.0-b21/asm-all-repackaged-2.2.0-b21.jar" 
         usetimestamp="false" 
         ignoreerrors="true"/>
    <mkdir dir="${maven.repo.local}/org/glassfish/hk2/external/cglib/2.2.0-b21"/>
    <get src="http://repo.maven.apache.org/maven2/org/glassfish/hk2/external/cglib/2.2.0-b21/cglib-2.2.0-b21.jar" 
         dest="${maven.repo.local}/org/glassfish/hk2/external/cglib/2.2.0-b21/cglib-2.2.0-b21.jar" 
         usetimestamp="false" 
         ignoreerrors="true"/>
    <mkdir dir="${maven.repo.local}/com/sun/xml/bind/jaxb-impl/2.2.7"/>
    <get src="http://repo.maven.apache.org/maven2/com/sun/xml/bind/jaxb-impl/2.2.7/jaxb-impl-2.2.7.jar" 
         dest="${maven.repo.local}/com/sun/xml/bind/jaxb-impl/2.2.7/jaxb-impl-2.2.7.jar" 
         usetimestamp="false" 
         ignoreerrors="true"/>
    <mkdir dir="${maven.repo.local}/com/sun/xml/bind/jaxb-core/2.2.7"/>
    <get src="http://repo.maven.apache.org/maven2/com/sun/xml/bind/jaxb-core/2.2.7/jaxb-core-2.2.7.jar" 
         dest="${maven.repo.local}/com/sun/xml/bind/jaxb-core/2.2.7/jaxb-core-2.2.7.jar" 
         usetimestamp="false" 
         ignoreerrors="true"/>
    <mkdir dir="${maven.repo.local}/javax/xml/bind/jaxb-api/2.2.7"/>
    <get src="http://repo.maven.apache.org/maven2/javax/xml/bind/jaxb-api/2.2.7/jaxb-api-2.2.7.jar" 
         dest="${maven.repo.local}/javax/xml/bind/jaxb-api/2.2.7/jaxb-api-2.2.7.jar" 
         usetimestamp="false" 
         ignoreerrors="true"/>
    <mkdir dir="${maven.repo.local}/com/sun/istack/istack-commons-runtime/2.16"/>
    <get src="http://repo.maven.apache.org/maven2/com/sun/istack/istack-commons-runtime/2.16/istack-commons-runtime-2.16.jar" 
         dest="${maven.repo.local}/com/sun/istack/istack-commons-runtime/2.16/istack-commons-runtime-2.16.jar" 
         usetimestamp="false" 
         ignoreerrors="true"/>
    <mkdir dir="${maven.repo.local}/com/sun/xml/fastinfoset/FastInfoset/1.2.12"/>
    <get src="http://repo.maven.apache.org/maven2/com/sun/xml/fastinfoset/FastInfoset/1.2.12/FastInfoset-1.2.12.jar" 
         dest="${maven.repo.local}/com/sun/xml/fastinfoset/FastInfoset/1.2.12/FastInfoset-1.2.12.jar" 
         usetimestamp="false" 
         ignoreerrors="true"/>
    <mkdir dir="${maven.repo.local}/javax/xml/bind/jsr173_api/1.0"/>
    <get src="http://repo.maven.apache.org/maven2/javax/xml/bind/jsr173_api/1.0/jsr173_api-1.0.jar" 
         dest="${maven.repo.local}/javax/xml/bind/jsr173_api/1.0/jsr173_api-1.0.jar" 
         usetimestamp="false" 
         ignoreerrors="true"/>
    <mkdir dir="${maven.repo.local}/org/codehaus/jettison/jettison/1.3.4"/>
    <get src="http://repo.maven.apache.org/maven2/org/codehaus/jettison/jettison/1.3.4/jettison-1.3.4.jar" 
         dest="${maven.repo.local}/org/codehaus/jettison/jettison/1.3.4/jettison-1.3.4.jar" 
         usetimestamp="false" 
         ignoreerrors="true"/>
    <mkdir dir="${maven.repo.local}/stax/stax-api/1.0.1"/>
    <get src="http://repo.maven.apache.org/maven2/stax/stax-api/1.0.1/stax-api-1.0.1.jar" 
         dest="${maven.repo.local}/stax/stax-api/1.0.1/stax-api-1.0.1.jar" 
         usetimestamp="false" 
         ignoreerrors="true"/>
    <mkdir dir="${maven.repo.local}/org/glassfish/jersey/media/jersey-media-moxy/2.4.1"/>
    <get src="http://repo.maven.apache.org/maven2/org/glassfish/jersey/media/jersey-media-moxy/2.4.1/jersey-media-moxy-2.4.1.jar" 
         dest="${maven.repo.local}/org/glassfish/jersey/media/jersey-media-moxy/2.4.1/jersey-media-moxy-2.4.1.jar" 
         usetimestamp="false" 
         ignoreerrors="true"/>
    <mkdir dir="${maven.repo.local}/org/glassfish/jersey/ext/jersey-entity-filtering/2.4.1"/>
    <get src="http://repo.maven.apache.org/maven2/org/glassfish/jersey/ext/jersey-entity-filtering/2.4.1/jersey-entity-filtering-2.4.1.jar" 
         dest="${maven.repo.local}/org/glassfish/jersey/ext/jersey-entity-filtering/2.4.1/jersey-entity-filtering-2.4.1.jar" 
         usetimestamp="false" 
         ignoreerrors="true"/>
    <mkdir dir="${maven.repo.local}/org/eclipse/persistence/org.eclipse.persistence.moxy/2.5.0"/>
    <get src="http://repo.maven.apache.org/maven2/org/eclipse/persistence/org.eclipse.persistence.moxy/2.5.0/org.eclipse.persistence.moxy-2.5.0.jar" 
         dest="${maven.repo.local}/org/eclipse/persistence/org.eclipse.persistence.moxy/2.5.0/org.eclipse.persistence.moxy-2.5.0.jar" 
         usetimestamp="false" 
         ignoreerrors="true"/>
    <mkdir dir="${maven.repo.local}/org/eclipse/persistence/org.eclipse.persistence.core/2.5.0"/>
    <get src="http://repo.maven.apache.org/maven2/org/eclipse/persistence/org.eclipse.persistence.core/2.5.0/org.eclipse.persistence.core-2.5.0.jar" 
         dest="${maven.repo.local}/org/eclipse/persistence/org.eclipse.persistence.core/2.5.0/org.eclipse.persistence.core-2.5.0.jar" 
         usetimestamp="false" 
         ignoreerrors="true"/>
    <mkdir dir="${maven.repo.local}/org/eclipse/persistence/org.eclipse.persistence.asm/2.5.0"/>
    <get src="http://repo.maven.apache.org/maven2/org/eclipse/persistence/org.eclipse.persistence.asm/2.5.0/org.eclipse.persistence.asm-2.5.0.jar" 
         dest="${maven.repo.local}/org/eclipse/persistence/org.eclipse.persistence.asm/2.5.0/org.eclipse.persistence.asm-2.5.0.jar" 
         usetimestamp="false" 
         ignoreerrors="true"/>
    <mkdir dir="${maven.repo.local}/org/eclipse/persistence/org.eclipse.persistence.antlr/2.5.0"/>
    <get src="http://repo.maven.apache.org/maven2/org/eclipse/persistence/org.eclipse.persistence.antlr/2.5.0/org.eclipse.persistence.antlr-2.5.0.jar" 
         dest="${maven.repo.local}/org/eclipse/persistence/org.eclipse.persistence.antlr/2.5.0/org.eclipse.persistence.antlr-2.5.0.jar" 
         usetimestamp="false" 
         ignoreerrors="true"/>
  </target>

</project>
